{"cameraMode":{"drawMode":0,"name":"Shaded","section":"Shading Mode"},"sceneLighting":true,"audioPlay":false,"sceneViewState":{"showFog":false,"showMaterialUpdate":false,"showSkybox":false,"showFlares":false,"showImageEffects":false,"showParticleSystems":false},"in2DMode":false,"pivot":{"x":-13.404586791992188,"y":0.273406982421875,"z":111.84800720214844},"rotation":{"x":0.629852294921875,"y":-0.0391746386885643,"z":0.03183464705944061,"w":0.7750736474990845},"size":156.73519897460938,"orthographic":false}